154,RS_0000001,MAHA LTD,2024-11-30 00:03:02.630,NULL
155,RS_0000002,HEAVEN HILL DISTILLERIES INC,2024-11-30 00:03:02.630,NULL
156,RS_0000003,REPUBLIC NATIONAL DISTRIBUTING CO,2024-11-30 00:03:02.630,NULL
157,RS_0000004,MONSIEUR TOUTON SELECTION,2024-11-30 00:03:02.630,NULL
158,RS_0000005,BACCHUS IMPORTERS LTD,2024-11-30 00:03:02.630,NULL
159,RS_0000006,MHW LTD,2024-11-30 00:03:02.630,NULL
160,RS_0000007,PERNOD RICARD USA LLC,2024-11-30 00:03:02.630,NULL
161,RS_0000008,KATCEF BROTHERS INC,2024-11-30 00:03:02.630,NULL
162,RS_0000009,BACARDI USA INC,2024-11-30 00:03:02.630,NULL
163,RS_0000010,LEGENDS LTD,2024-11-30 00:03:02.630,NULL
164,RS_0000011,CASTLE BRANDS USA CORP,2024-11-30 00:03:02.630,NULL
165,RS_0000012,DIONYSOS IMPORTS INC,2024-11-30 00:03:02.630,NULL
166,RS_0000013,JACKSON FAMILY ENTERPRISES INC,2024-11-30 00:03:02.630,NULL
167,RS_0000014,BUCK DISTRIBUTING COMPANY INC,2024-11-30 00:03:02.630,NULL
168,RS_0000015,PUNTO VINO LLC,2024-11-30 00:03:02.630,NULL
169,RS_0000016,BARON FRANCOIS LTD,2024-11-30 00:03:02.630,NULL
170,RS_0000017,PRESTIGE BEVERAGE GROUP OF MD LLC,2024-11-30 00:03:02.630,NULL
